reqid,query,date
5179745146029754766,có chơi có chịu chu chu remix,2022-11-18
-7672353069307450892,bennetfly,2022-11-18
-4860209747897257983,smallrig,2022-11-18
1485225687590345233,jav khám phụ khoa,2022-11-18
5578149435377040557,stadew valley id,2022-11-18
-1465736637077602958,ioe dau truong toan hoc,2022-11-18
-145326440205047561,why decrease violent crime,2022-11-18
-1104667501754146890,loik,2022-11-18
-8860281603105078308,tạo icloud,2022-11-18
-7995375737592861600,phân tích kết cấu của lực lượng sản xuất,2022-11-18
5523275816036200676,you shold your car with,2022-11-18
-8515273191358939873,gg dịch,2022-11-18
-4861340509515757817,google cloud,2022-11-18
4278031933770480767,kết quả xổ số,2022-11-18
601301656866671247,eoffice,2022-11-18
620355420520905417,phân tích đối ứng là gì,2022-11-18
1215293285549443444,hhpanda,2022-11-18
-1472651167526183827,mơ bị chó cắn,2022-11-18
-5878237407257020043,xoilac,2022-11-18
-7854757464949019521,ioe,2022-11-18
-7101855884867263884,facebook,2022-11-18
-1338373822116334227,gg dicj,2022-11-18
5044204093983959518,fa,2022-11-18
865930657601221342,vlxx,2022-11-18
-2688435447240985979,thanh gươm diệt quỷ,2022-11-18
-7003572876165208422,bài tập cộng vectow,2022-11-18
2472781297265192252,x2dowload,2022-11-18
7907847232625942198,cảnh nóng 18+,2022-11-18
4179555190270911721,cấu tạo của cầu thang,2022-11-18
1905636488585176480,bích phương,2022-11-18
-684923494858406495,facebook,2022-11-18
178700648064816657,hàm dục nở rộ,2022-11-18
4851968397516210438,gg dịch,2022-11-18
-3559524649644808650,zalo web - đăng nhập,2022-11-18
-1697225715976708565,task killer,2022-11-18
-4300949608016241285,tải youtube về máy tính,2022-11-18
-3284153528293877426,google,2022-11-18
-2253476845606703420,boom 7,2022-11-18
-6889158227822272757,elementary school premises,2022-11-18
-2788692532549211990,quy hoạch đường treo,2022-11-18
-1228795551602055633,fb.com,2022-11-18
-2503891267642958697,võ lâm truyền kỳ h5,2022-11-18
3777179084555746823,phanmemgoc,2022-11-18
-30092646047423300,xxx69*,2022-11-18
1195686742519098915,đệm thép bạc đạn,2022-11-18
1599754597544423475,tai game loop,2022-11-18
3017362936756743514,mixi lego,2022-11-18
-1924501585541441122,y81,2022-11-18
8148764245728843451,nghiện là gì,2022-11-18
1143038442897975464,roblox,2022-11-18
3730275200012501293,vlxx,2022-11-18
-6229809460689069693,tải chrome,2022-11-18
8662840754322624747,youtube,2022-11-18
3253705019806872617,thông tư số 51 của Bộ Y tế,2022-11-18
-5467715476490303303,ioe,2022-11-18
-891958285919009007,vioedu,2022-11-18
-2630631111588246782,nạp thẻ garena,2022-11-18
-2083583252767370605,bao nong nghiep viet nam,2022-11-18
-3631377917907705457,điện máy xanh,2022-11-18
-4468162128565676158,my destiny,2022-11-18
-8600727832680850223,shop acc roblox blox fruit 20k lv mãx,2022-11-18
7715646511532385020,cách vẽ khung đổ màu trong photoshop,2022-11-18
263179989142367487,meet google,2022-11-18
5310687241021557839,blooket,2022-11-18
2507694287817586894,dtcl sat thu mua 7,2022-11-18
7273856959361638759,vần cách là gì,2022-11-18
4775227955755369632,tơ powerpoint,2022-11-18
709002501410666475,mmmlive,2022-11-18
-9144440145237728642,youtube,2022-11-18
-2014428676423323146,code anime adventures,2022-11-18
-2690889072003554655,Lịch thi đấu Giao hữu,2022-11-18
496003448800617161,facebook,2022-11-18
-6385866680378927406,fb,2022-11-18
-4792771171958881598,cách tìm mật khẩu fb bằng sđt,2022-11-18
-5073304725775213372,bilibili,2022-11-18
-5716721612933166861,son màu mận,2022-11-18
358082250379333290,escape 2013,2022-11-18
2752035262866340596,tạp chí đại học ngoại thương,2022-11-18
-3213636511548644327,twitter,2022-11-18
-737578528040366880,CÔNG TY TNHH GIẢI TRÍ VÀ ĐÀO TẠO ĐẠI NGHĨA,2022-11-18
-4186760210500108631,motphim,2022-11-18
45234576818153872,fb,2022-11-18
-3384330319064445650,newton school,2022-11-18
-5671847933332568813,map,2022-11-18
-2079701773628949765,roblox,2022-11-18
-2183699830191162259,phim cô giáo thảo ,2022-11-18
3134218026615992713,thất bại của nhà lãnh đạo giỏi ví dụ như,2022-11-18
7183461166710534105,thai binh thuoc dong bac bo dung hay sai,2022-11-18
-5064130539340416152,y8.com,2022-11-18
1435565629452448934,free pascal,2022-11-18
8729526881294085415,quay len,2022-11-18
-5678618540290369315,trò chơi vân động chèo thuyền tải đạn qua sông,2022-11-18
8127024989892685863,tải client riot,2022-11-18
-6655933652113554528,roblox.com,2022-11-18
-2136373637462764904,mơ đánh đuổi chuột,2022-11-18
5548268432352972884,những bộ anime nhật hay,2022-11-18
5821646912606455156,zalo,2022-11-18
2206451866218571180,binh đoàn 12,2022-11-18
2401421106466707942,"Bị truy tố với Điểm a, Khoản 3, Điều 280 Bộ Luật Hình sự về tội Lạm dụng chức vụ chiếm đoạt tài sản, có khung hình phạt từ 13 đến 20 năm tù, nhưng vì lý do bị bệnh nên đại diện Viện KSND chỉ đề nghị tòa xử bị cáo Mậu từ 6 đến 8 năm tù. Cuối cùng, HĐXX đã tuyên phạt bị cáo Trần Đức Mậu 36 tháng tù.Tin-ảnh: N.QuyếtChia sẻ XEM NHIỀUNgười phụ nữ ở Quảng Nam chiếm đoạt gần 4 tỉ đồng để tiêu xàiNgười phụ nữ ở Quảng Nam chiếm đoạt gần 4 tỉ đồng để tiêu xàiThấy bò thả rông, cô gái 19 tuổi thuê xe ba gác bắt đem bánThấy bò thả rông, cô gái 19 tuổi thuê xe ba gác bắt đem bánCông an TP HCM phát hiện điểm ăn chơi tập thể ở Bình ChánhCông an TP HCM phát hiện điểm ăn chơi tập thể ở Bình ChánhTruy tố diễn viên hài Hữu TínTruy tố diễn viên hài Hữu TínBị nhắc nhở vì tiểu bậy trước cửa, nam thanh niên rút dao đâm liên tiếp chủ nhàBị nhắc nhở vì tiểu bậy trước cửa, nam thanh niên rút dao đâm liên tiếp chủ nhàBÌNH LUẬN",2022-11-18
3977027815895292261,hộp trứng cá tầm,2022-11-18
